theme_key,theme_name,theme_intro,theme_order,theme_quote,theme_image,active
known-offenders,Known Offenders,"The drinks with the longest rap sheet and the strongest case for a second round.",1,,known-offenders.jpg,yes
tequila-sunday,Tequila Sunday,"Agave drinks with a backstory, a tan line, and no interest in behaving modestly.",2,,tequila-sunday.jpg,yes
the-usual-suspects,The Usual Suspects,"Reliable regulars, frequently requested, and somehow never a bad idea in the moment.",3,,usual-suspects.jpg,yes
adult-swim,Adult Swim,"Poolside judgment may be impaired. Hydration remains more of a theory than a plan.",4,,adult-swim.jpg,yes
cool-runnings,Cool Runnings,"Frozen format, warm reception. Slushies, milkshakes, and good decisions postponed.",5,"Feel the rhythm! Feel the rhyme! Get on up, it's bobsled time! Cool Runnings!",cool-runnings.jpg,yes
off-the-beaten-path,Off the Beaten Path,"A little less expected, a little more adventurous, and always worth the detour.",6,,off-the-beaten-path.jpg,yes
spirit-rum,Rum,"Rum-forward classics and tropical heavy hitters.",20,,,yes
spirit-whiskey,Whiskey,"Bourbon and whiskey builds from bright sours to spirit-forward classics.",21,,,yes
spirit-gin,Gin,"Gin cocktails with citrus, herbs, and crisp bitter balance.",22,,,yes
spirit-vodka,Vodka,"Vodka standards and party-friendly pours.",23,,,yes
spirit-smoke,Smoked Cocktails,"Smoky pours with big flavor and dramatic energy.",24,,,yes
spirit-martinis,Martinis,"Up, chilled, and built for the martini crowd.",25,,,yes
spirit-liqueurs,Unique Liqueurs,"Liqueur-led cocktails and less-common riffs.",26,,,yes
